Id,Prediction
1,LU
2,BS
3,LU
4,BS
5,BE
6,BE
7,BE
8,ZH
9,ZH
10,ZH
11,ZH
12,ZH
13,LU
14,ZH
15,LU
16,LU
17,ZH
18,BE
19,BS
20,BS
21,ZH
22,ZH
23,BS
24,ZH
25,BE
26,BS
27,BS
28,LU
29,ZH
30,ZH
31,ZH
32,BS
33,ZH
34,ZH
35,BS
36,BS
37,BS
38,ZH
39,BS
40,BE
41,BS
42,BS
43,LU
44,ZH
45,ZH
46,ZH
47,ZH
48,ZH
49,LU
50,BS
51,ZH
52,BE
53,ZH
54,BS
55,LU
56,LU
57,BS
58,BE
59,BE
60,BE
61,ZH
62,ZH
63,LU
64,BS
65,ZH
66,ZH
67,LU
68,BS
69,BE
70,BE
71,LU
72,ZH
73,LU
74,ZH
75,BS
76,BE
77,ZH
78,BE
79,BS
80,BE
81,BS
82,BS
83,ZH
84,BS
85,BS
86,BS
87,LU
88,ZH
89,BS
90,LU
91,BE
92,BS
93,ZH
94,BS
95,BE
96,LU
97,BS
98,BE
99,BS
100,BS
101,LU
102,BS
103,BE
104,ZH
105,ZH
106,BS
107,BE
108,BE
109,ZH
110,BE
111,ZH
112,BE
113,BE
114,BS
115,BS
116,BS
117,ZH
118,ZH
119,LU
120,ZH
121,ZH
122,BE
123,BE
124,BE
125,ZH
126,LU
127,ZH
128,BE
129,LU
130,LU
131,LU
132,ZH
133,BS
134,BE
135,BS
136,ZH
137,LU
138,BS
139,BS
140,LU
141,LU
142,BE
143,BE
144,BS
145,ZH
146,BS
147,BE
148,BE
149,BS
150,ZH
151,BE
152,LU
153,LU
154,BE
155,BE
156,BE
157,LU
158,LU
159,BS
160,BE
161,BS
162,BS
163,BE
164,LU
165,BS
166,BE
167,BS
168,ZH
169,BE
170,BE
171,ZH
172,BE
173,ZH
174,LU
175,BS
176,BE
177,ZH
178,BS
179,ZH
180,BS
181,LU
182,BE
183,BS
184,ZH
185,BS
186,LU
187,LU
188,LU
189,ZH
190,ZH
191,LU
192,LU
193,LU
194,LU
195,BE
196,BE
197,ZH
198,BS
199,BE
200,ZH
201,ZH
202,BE
203,BE
204,LU
205,LU
206,BS
207,BE
208,ZH
209,ZH
210,LU
211,BS
212,ZH
213,ZH
214,ZH
215,ZH
216,BS
217,ZH
218,ZH
219,ZH
220,BE
221,LU
222,LU
223,BS
224,BE
225,LU
226,BS
227,BE
228,LU
229,ZH
230,ZH
231,BE
232,ZH
233,ZH
234,BE
235,LU
236,BS
237,BS
238,LU
239,LU
240,BS
241,ZH
242,BS
243,ZH
244,BE
245,BS
246,BE
247,BE
248,BE
249,BS
250,LU
251,ZH
252,ZH
253,BE
254,LU
255,BS
256,BE
257,BS
258,ZH
259,BS
260,BE
261,ZH
262,ZH
263,LU
264,ZH
265,ZH
266,BE
267,ZH
268,ZH
269,ZH
270,LU
271,BS
272,BE
273,LU
274,LU
275,ZH
276,ZH
277,ZH
278,LU
279,LU
280,BS
281,BE
282,LU
283,BS
284,ZH
285,BS
286,BE
287,BS
288,ZH
289,ZH
290,BS
291,LU
292,ZH
293,BS
294,BE
295,BE
296,BE
297,BS
298,LU
299,BE
300,LU
301,LU
302,BS
303,BE
304,BE
305,ZH
306,BS
307,ZH
308,BE
309,LU
310,ZH
311,ZH
312,BE
313,LU
314,ZH
315,BE
316,ZH
317,LU
318,BS
319,ZH
320,LU
321,LU
322,BE
323,BS
324,BE
325,ZH
326,BE
327,ZH
328,BE
329,BS
330,ZH
331,LU
332,BE
333,BS
334,BE
335,LU
336,BE
337,BS
338,ZH
339,BE
340,BS
341,BE
342,ZH
343,BS
344,BS
345,ZH
346,BE
347,LU
348,BE
349,BE
350,LU
351,ZH
352,ZH
353,BS
354,LU
355,LU
356,ZH
357,BS
358,BS
359,BS
360,BE
361,ZH
362,ZH
363,ZH
364,ZH
365,ZH
366,ZH
367,BE
368,BE
369,LU
370,BE
371,BE
372,LU
373,LU
374,BS
375,ZH
376,ZH
377,BS
378,LU
379,BE
380,LU
381,BS
382,BE
383,ZH
384,BE
385,BS
386,ZH
387,BS
388,LU
389,BE
390,LU
391,BE
392,LU
393,BE
394,ZH
395,BE
396,BE
397,LU
398,ZH
399,ZH
400,BE
401,ZH
402,BS
403,ZH
404,ZH
405,BS
406,BS
407,LU
408,BE
409,BS
410,ZH
411,ZH
412,BE
413,BS
414,ZH
415,ZH
416,ZH
417,BS
418,ZH
419,ZH
420,ZH
421,ZH
422,BS
423,ZH
424,LU
425,BS
426,LU
427,ZH
428,ZH
429,ZH
430,ZH
431,BS
432,BE
433,BS
434,LU
435,ZH
436,ZH
437,BE
438,BS
439,BS
440,BS
441,BE
442,BS
443,BE
444,BS
445,LU
446,BE
447,BE
448,LU
449,ZH
450,ZH
451,BS
452,LU
453,LU
454,BE
455,BE
456,ZH
457,BS
458,BE
459,LU
460,BE
461,ZH
462,BE
463,ZH
464,ZH
465,BE
466,ZH
467,BE
468,ZH
469,BE
470,LU
471,LU
472,BE
473,BS
474,BS
475,LU
476,ZH
477,ZH
478,ZH
479,ZH
480,LU
481,LU
482,LU
483,LU
484,BS
485,BE
486,LU
487,BE
488,BE
489,BS
490,BE
491,BS
492,LU
493,BE
494,BE
495,ZH
496,BS
497,ZH
498,ZH
499,BE
500,BE
501,BS
502,LU
503,ZH
504,ZH
505,LU
506,BE
507,BS
508,BE
509,ZH
510,BE
511,ZH
512,BS
513,LU
514,ZH
515,BE
516,BE
517,ZH
518,LU
519,ZH
520,ZH
521,ZH
522,BS
523,ZH
524,LU
525,LU
526,BS
527,ZH
528,ZH
529,ZH
530,ZH
531,ZH
532,ZH
533,BS
534,BE
535,LU
536,ZH
537,ZH
538,BS
539,BS
540,BE
541,BS
542,ZH
543,BE
544,ZH
545,LU
546,ZH
547,LU
548,BS
549,LU
550,BS
551,BS
552,ZH
553,ZH
554,BE
555,ZH
556,LU
557,ZH
558,LU
559,ZH
560,BE
561,LU
562,BS
563,BS
564,BE
565,BS
566,ZH
567,ZH
568,BE
569,BE
570,ZH
571,BS
572,ZH
573,ZH
574,LU
575,LU
576,LU
577,BE
578,BE
579,BS
580,ZH
581,BE
582,ZH
583,BE
584,BS
585,BE
586,BS
587,ZH
588,BS
589,LU
590,BS
591,BS
592,BS
593,BE
594,BS
595,BE
596,LU
597,ZH
598,ZH
599,BS
600,BE
601,BE
602,ZH
603,BE
604,LU
605,LU
606,BS
607,LU
608,ZH
609,LU
610,LU
611,BE
612,ZH
613,BS
614,BS
615,ZH
616,LU
617,BE
618,BE
619,BS
620,BE
621,LU
622,ZH
623,BS
624,BE
625,BS
626,BS
627,ZH
628,BS
629,BS
630,ZH
631,BE
632,BE
633,BS
634,BS
635,LU
636,BS
637,BE
638,LU
639,BE
640,LU
641,ZH
642,ZH
643,ZH
644,BE
645,BE
646,LU
647,ZH
648,BS
649,ZH
650,BE
651,ZH
652,BS
653,ZH
654,BE
655,ZH
656,ZH
657,LU
658,BE
659,BE
660,ZH
661,BE
662,LU
663,ZH
664,ZH
665,LU
666,ZH
667,BE
668,BE
669,ZH
670,ZH
671,LU
672,LU
673,ZH
674,BE
675,ZH
676,BS
677,BS
678,BE
679,ZH
680,LU
681,BE
682,BS
683,ZH
684,BE
685,ZH
686,LU
687,BE
688,BS
689,ZH
690,BE
691,ZH
692,BS
693,ZH
694,BE
695,BS
696,LU
697,ZH
698,LU
699,LU
700,LU
701,LU
702,LU
703,ZH
704,ZH
705,LU
706,ZH
707,ZH
708,BE
709,BE
710,ZH
711,ZH
712,BE
713,ZH
714,ZH
715,BE
716,BE
717,LU
718,LU
719,BE
720,BE
721,BE
722,ZH
723,BE
724,BE
725,ZH
726,LU
727,ZH
728,LU
729,BE
730,BS
731,ZH
732,BS
733,BS
734,ZH
735,BE
736,ZH
737,BE
738,LU
739,ZH
740,ZH
741,BE
742,ZH
743,BE
744,ZH
745,ZH
746,LU
747,BS
748,BE
749,LU
750,ZH
751,LU
752,ZH
753,ZH
754,BE
755,ZH
756,BE
757,BE
758,LU
759,ZH
760,LU
761,ZH
762,BS
763,ZH
764,BE
765,ZH
766,ZH
767,BE
768,LU
769,LU
770,LU
771,BS
772,LU
773,BE
774,LU
775,ZH
776,BS
777,ZH
778,ZH
779,BS
780,ZH
781,ZH
782,BE
783,ZH
784,BE
785,LU
786,BS
787,BS
788,LU
789,ZH
790,LU
791,BS
792,ZH
793,ZH
794,ZH
795,BE
796,ZH
797,BE
798,ZH
799,BE
800,BS
801,BE
802,BE
803,BS
804,BE
805,ZH
806,LU
807,LU
808,ZH
809,BS
810,BS
811,LU
812,BE
813,BE
814,ZH
815,LU
816,ZH
817,ZH
818,BE
819,ZH
820,LU
821,LU
822,BE
823,BS
824,ZH
825,BE
826,BS
827,BS
828,BE
829,BS
830,ZH
831,ZH
832,ZH
833,BE
834,ZH
835,BE
836,ZH
837,BS
838,BS
839,BS
840,ZH
841,BS
842,BS
843,BE
844,ZH
845,BE
846,BS
847,BE
848,LU
849,BE
850,LU
851,ZH
852,BS
853,LU
854,BE
855,BS
856,BS
857,ZH
858,ZH
859,BE
860,ZH
861,ZH
862,BE
863,ZH
864,ZH
865,BE
866,BS
867,ZH
868,LU
869,BE
870,LU
871,BE
872,BE
873,ZH
874,ZH
875,ZH
876,BE
877,BE
878,LU
879,BE
880,ZH
881,LU
882,ZH
883,ZH
884,LU
885,LU
886,ZH
887,ZH
888,BE
889,ZH
890,BS
891,BE
892,LU
893,LU
894,ZH
895,ZH
896,BS
897,BE
898,ZH
899,ZH
900,ZH
901,ZH
902,ZH
903,BE
904,LU
905,BE
906,LU
907,BE
908,ZH
909,BE
910,ZH
911,LU
912,BE
913,ZH
914,BE
915,LU
916,LU
917,LU
918,LU
919,BS
920,BE
921,BE
922,LU
923,BE
924,BS
925,ZH
926,LU
927,ZH
928,ZH
929,ZH
930,LU
931,BE
932,ZH
933,ZH
934,LU
935,ZH
936,ZH
937,BS
938,LU
939,ZH
940,LU
941,BE
942,LU
943,LU
944,ZH
945,BE
946,BS
947,LU
948,BE
949,BS
950,BS
951,ZH
952,BS
953,BE
954,ZH
955,BS
956,BS
957,BS
958,ZH
959,LU
960,BS
961,ZH
962,LU
963,BS
964,LU
965,BS
966,ZH
967,BS
968,BS
969,ZH
970,BS
971,BS
972,ZH
973,LU
974,BE
975,BS
976,ZH
977,BS
978,ZH
979,BS
980,ZH
981,LU
982,BS
983,BE
984,ZH
985,BS
986,LU
987,BS
988,BS
989,BE
990,ZH
991,BS
992,LU
993,BS
994,LU
995,BS
996,LU
997,LU
998,LU
999,BE
1000,ZH
1001,ZH
1002,BS
1003,ZH
1004,ZH
1005,ZH
1006,BE
1007,BE
1008,LU
1009,LU
1010,BS
1011,BS
1012,ZH
1013,BS
1014,ZH
1015,ZH
1016,BE
1017,ZH
1018,ZH
1019,BS
1020,LU
1021,LU
1022,ZH
1023,LU
1024,BE
1025,BE
1026,ZH
1027,ZH
1028,ZH
1029,ZH
1030,LU
1031,ZH
1032,LU
1033,LU
1034,BS
1035,BS
1036,BE
1037,BE
1038,LU
1039,ZH
1040,ZH
1041,ZH
1042,BE
1043,LU
1044,BS
1045,ZH
1046,BS
1047,BE
1048,BE
1049,BS
1050,BE
1051,BE
1052,LU
1053,LU
1054,ZH
1055,BS
1056,LU
1057,BE
1058,ZH
1059,ZH
1060,ZH
1061,ZH
1062,BS
1063,ZH
1064,BS
1065,BE
1066,LU
1067,BE
1068,ZH
1069,ZH
1070,BE
1071,BS
1072,LU
1073,ZH
1074,BE
1075,ZH
1076,ZH
1077,ZH
1078,BS
1079,BS
1080,LU
1081,BE
1082,ZH
1083,LU
1084,ZH
1085,BS
1086,ZH
1087,ZH
1088,ZH
1089,ZH
1090,BE
1091,ZH
1092,LU
1093,BS
1094,BE
1095,ZH
1096,BS
1097,ZH
1098,BE
1099,BS
1100,BE
1101,BS
1102,ZH
1103,ZH
1104,BE
1105,LU
1106,LU
1107,LU
1108,BS
1109,ZH
1110,BE
1111,LU
1112,ZH
1113,BE
1114,ZH
1115,LU
1116,ZH
1117,ZH
1118,BS
1119,ZH
1120,ZH
1121,ZH
1122,ZH
1123,LU
1124,ZH
1125,LU
1126,BE
1127,ZH
1128,BE
1129,ZH
1130,BE
1131,ZH
1132,ZH
1133,ZH
1134,BS
1135,BS
1136,ZH
1137,BS
1138,BS
1139,ZH
1140,BS
1141,ZH
1142,BS
1143,ZH
1144,LU
1145,BE
1146,ZH
1147,ZH
1148,BS
1149,ZH
1150,ZH
1151,ZH
1152,LU
1153,ZH
1154,BS
1155,LU
1156,BS
1157,LU
1158,LU
1159,LU
1160,BE
1161,BS
1162,LU
1163,LU
1164,ZH
1165,BS
1166,BE
1167,ZH
1168,BS
1169,BS
1170,ZH
1171,BS
1172,ZH
1173,LU
1174,LU
1175,ZH
1176,BS
1177,LU
1178,BS
1179,BS
1180,ZH
1181,LU
1182,BS
1183,LU
1184,LU
1185,BS
1186,LU
1187,ZH
1188,BS
1189,ZH
1190,LU
1191,BS
1192,BS
1193,ZH
1194,ZH
1195,BS
1196,LU
1197,BE
1198,ZH
1199,LU
1200,LU
1201,LU
1202,ZH
1203,ZH
1204,ZH
1205,BS
1206,ZH
1207,LU
1208,ZH
1209,ZH
1210,LU
1211,ZH
1212,LU
1213,BS
1214,ZH
1215,BE
1216,BS
1217,ZH
1218,BS
1219,BE
1220,ZH
1221,ZH
1222,BS
1223,ZH
1224,ZH
1225,BS
1226,BS
1227,BE
1228,BE
1229,BE
1230,BE
1231,ZH
1232,BS
1233,BS
1234,ZH
1235,BE
1236,BS
1237,ZH
1238,BS
1239,BS
1240,LU
1241,ZH
1242,BE
1243,LU
1244,BS
1245,ZH
1246,ZH
1247,ZH
1248,LU
1249,ZH
1250,BS
1251,ZH
1252,ZH
1253,BS
1254,LU
1255,LU
1256,ZH
1257,LU
1258,BS
1259,LU
1260,ZH
1261,ZH
1262,ZH
1263,LU
1264,BE
1265,BS
1266,BS
1267,BS
1268,ZH
1269,BE
1270,LU
1271,BE
1272,ZH
1273,ZH
1274,BS
1275,LU
1276,BS
1277,BE
1278,ZH
1279,BS
1280,LU
1281,ZH
1282,LU
1283,BE
1284,LU
1285,ZH
1286,BE
1287,BS
1288,ZH
1289,BE
1290,BS
1291,BS
1292,BS
1293,BE
1294,BS
1295,ZH
1296,ZH
1297,LU
1298,LU
1299,BE
1300,BS
1301,BE
1302,ZH
1303,BS
1304,ZH
1305,ZH
1306,ZH
1307,ZH
1308,BS
1309,ZH
1310,BS
1311,BS
1312,LU
1313,BE
1314,BE
1315,LU
1316,BE
1317,BS
1318,BS
1319,BE
1320,BS
1321,LU
1322,LU
1323,ZH
1324,ZH
1325,BS
1326,ZH
1327,ZH
1328,BS
1329,ZH
1330,LU
1331,BE
1332,LU
1333,ZH
1334,BE
1335,BS
1336,ZH
1337,LU
1338,LU
1339,ZH
1340,BS
1341,BE
1342,BE
1343,LU
1344,LU
1345,LU
1346,BE
1347,LU
1348,BE
1349,BS
1350,ZH
1351,LU
1352,LU
1353,LU
1354,BE
1355,BE
1356,LU
1357,LU
1358,ZH
1359,BS
1360,LU
1361,ZH
1362,ZH
1363,LU
1364,LU
1365,BE
1366,LU
1367,ZH
1368,BE
1369,LU
1370,ZH
1371,LU
1372,ZH
1373,BE
1374,LU
1375,LU
1376,BE
1377,BS
1378,ZH
1379,BE
1380,BE
1381,LU
1382,LU
1383,ZH
1384,LU
1385,BS
1386,LU
1387,BS
1388,LU
1389,LU
1390,BS
1391,LU
1392,BE
1393,LU
1394,BE
1395,ZH
1396,LU
1397,ZH
1398,LU
1399,BS
1400,ZH
1401,LU
1402,LU
1403,ZH
1404,BS
1405,BS
1406,BS
1407,BS
1408,LU
1409,BE
1410,ZH
1411,LU
1412,BS
1413,LU
1414,ZH
1415,ZH
1416,BS
1417,ZH
1418,BE
1419,BS
1420,BS
1421,BS
1422,BE
1423,ZH
1424,ZH
1425,BS
1426,BS
1427,BE
1428,BE
1429,BS
1430,BS
1431,BS
1432,ZH
1433,BE
1434,BE
1435,BE
1436,BS
1437,ZH
1438,LU
1439,BS
1440,BS
1441,LU
1442,LU
1443,BS
1444,ZH
1445,LU
1446,ZH
1447,ZH
1448,BE
1449,LU
1450,BE
1451,ZH
1452,LU
1453,LU
1454,LU
1455,BE
1456,LU
1457,BE
1458,BE
1459,BS
1460,BE
1461,BE
1462,BE
1463,LU
1464,BE
1465,ZH
1466,ZH
1467,LU
1468,LU
1469,ZH
1470,BS
1471,BE
1472,LU
1473,LU
1474,BS
1475,BE
1476,BS
1477,BE
1478,BE
1479,ZH
1480,ZH
1481,LU
1482,ZH
1483,BS
1484,ZH
1485,LU
1486,BS
1487,BS
1488,BE
1489,BS
1490,LU
1491,LU
1492,LU
1493,LU
1494,BE
1495,BE
1496,BS
1497,ZH
1498,ZH
1499,ZH
1500,ZH
1501,ZH
1502,ZH
1503,LU
1504,ZH
1505,ZH
1506,ZH
1507,LU
1508,ZH
1509,ZH
1510,ZH
1511,BS
1512,ZH
1513,BS
1514,ZH
1515,ZH
1516,BS
1517,ZH
1518,BS
1519,LU
1520,LU
1521,ZH
1522,LU
1523,BS
1524,BS
1525,ZH
1526,BS
1527,ZH
1528,LU
1529,BS
1530,ZH
1531,LU
1532,BS
1533,ZH
1534,BE
1535,LU
1536,BE
1537,LU
1538,LU
1539,BS
1540,LU
1541,BE
1542,BE
1543,ZH
1544,ZH
1545,ZH
1546,ZH
1547,BE
1548,ZH
1549,LU
1550,ZH
1551,LU
1552,BE
1553,LU
1554,BE
1555,LU
1556,BE
1557,BE
1558,LU
1559,BE
1560,LU
1561,BS
1562,BS
1563,ZH
1564,BS
1565,LU
1566,LU
1567,LU
1568,LU
1569,BS
1570,ZH
1571,LU
1572,BS
1573,BS
1574,BE
1575,BS
1576,ZH
1577,BS
1578,BE
1579,ZH
1580,BE
1581,BS
1582,BS
1583,BS
1584,ZH
1585,ZH
1586,ZH
1587,ZH
1588,ZH
1589,BE
1590,LU
1591,BE
1592,LU
1593,BS
1594,ZH
1595,LU
1596,BE
1597,LU
1598,BE
1599,ZH
1600,LU
1601,BE
1602,BS
1603,ZH
1604,BE
1605,BE
1606,BE
1607,ZH
1608,ZH
1609,ZH
1610,BE
1611,ZH
1612,BS
1613,BS
1614,BS
1615,ZH
1616,LU
1617,LU
1618,LU
1619,LU
1620,BS
1621,LU
1622,BS
1623,BE
1624,ZH
1625,BE
1626,ZH
1627,ZH
1628,ZH
1629,LU
1630,BE
1631,BE
1632,ZH
1633,ZH
1634,LU
1635,BS
1636,BS
1637,ZH
1638,LU
1639,ZH
1640,BE
1641,BS
1642,BE
1643,BS
1644,BS
1645,LU
1646,BE
1647,LU
1648,BS
1649,BE
1650,BS
1651,LU
1652,LU
1653,LU
1654,ZH
1655,BE
1656,BS
1657,BS
1658,BE
1659,ZH
1660,BE
1661,ZH
1662,ZH
1663,ZH
1664,ZH
1665,ZH
1666,ZH
1667,LU
1668,BS
1669,ZH
1670,BE
1671,LU
1672,ZH
1673,LU
1674,BE
1675,LU
1676,ZH
1677,BS
1678,ZH
1679,LU
1680,LU
1681,LU
1682,BS
1683,LU
1684,BE
1685,LU
1686,LU
1687,BS
1688,BS
1689,BS
1690,ZH
1691,LU
1692,ZH
1693,BS
1694,ZH
1695,ZH
1696,BE
1697,LU
1698,LU
1699,BE
1700,LU
1701,ZH
1702,ZH
1703,BE
1704,ZH
1705,BS
1706,ZH
1707,ZH
1708,ZH
1709,ZH
1710,BE
1711,LU
1712,ZH
1713,LU
1714,ZH
1715,BE
1716,LU
1717,BE
1718,BS
1719,LU
1720,ZH
1721,BE
1722,ZH
1723,LU
1724,BS
1725,LU
1726,LU
1727,BS
1728,LU
1729,BE
1730,BE
1731,ZH
1732,ZH
1733,BS
1734,LU
1735,ZH
1736,ZH
1737,LU
1738,BE
1739,ZH
1740,ZH
1741,LU
1742,ZH
1743,BS
1744,ZH
1745,BE
1746,ZH
1747,ZH
1748,BS
1749,BS
1750,ZH
1751,BE
1752,BE
1753,BE
1754,LU
1755,ZH
1756,BS
1757,LU
1758,LU
1759,BE
1760,BE
1761,ZH
1762,BE
1763,LU
1764,BE
1765,ZH
1766,ZH
1767,BS
1768,LU
1769,LU
1770,BS
1771,BS
1772,ZH
1773,BS
1774,BE
1775,BS
1776,BE
1777,ZH
1778,BS
1779,ZH
1780,BE
1781,LU
1782,BS
1783,BS
1784,ZH
1785,ZH
1786,ZH
1787,BE
1788,ZH
1789,BE
1790,LU
1791,BE
1792,ZH
1793,LU
1794,BS
1795,LU
1796,BS
1797,LU
1798,LU
1799,BS
1800,BS
1801,LU
1802,BE
1803,BS
1804,BS
1805,ZH
1806,LU
1807,BS
1808,LU
1809,BE
1810,BE
1811,ZH
1812,BS
1813,ZH
1814,LU
1815,BS
1816,LU
1817,LU
1818,LU
1819,BS
1820,ZH
1821,BS
1822,BS
1823,LU
1824,BE
1825,BE
1826,BE
1827,BE
1828,LU
1829,BS
1830,BS
1831,BE
1832,ZH
1833,ZH
1834,LU
1835,BS
1836,ZH
1837,LU
1838,ZH
1839,BS
1840,BE
1841,LU
1842,LU
1843,BE
1844,ZH
1845,LU
1846,ZH
1847,BE
1848,ZH
1849,BS
1850,BE
1851,BE
1852,ZH
1853,ZH
1854,BS
1855,BE
1856,BE
1857,BE
1858,BS
1859,LU
1860,LU
1861,BS
1862,ZH
1863,LU
1864,ZH
1865,BE
1866,BS
1867,ZH
1868,ZH
1869,BS
1870,ZH
1871,BE
1872,BE
1873,ZH
1874,LU
1875,ZH
1876,BS
1877,LU
1878,LU
1879,BS
1880,BE
1881,BS
1882,ZH
1883,ZH
1884,ZH
1885,ZH
1886,LU
1887,ZH
1888,LU
1889,ZH
1890,BE
1891,ZH
1892,ZH
1893,LU
1894,ZH
1895,ZH
1896,BS
1897,BE
1898,ZH
1899,BE
1900,ZH
1901,ZH
1902,BE
1903,BS
1904,LU
1905,BS
1906,BS
1907,ZH
1908,BE
1909,BE
1910,ZH
1911,LU
1912,ZH
1913,BS
1914,BS
1915,BE
1916,LU
1917,LU
1918,ZH
1919,BS
1920,BS
1921,ZH
1922,ZH
1923,BE
1924,ZH
1925,LU
1926,BE
1927,LU
1928,ZH
1929,LU
1930,BE
1931,LU
1932,BE
1933,BE
1934,ZH
1935,ZH
1936,LU
1937,LU
1938,BS
1939,LU
1940,ZH
1941,BS
1942,ZH
1943,ZH
1944,LU
1945,LU
1946,BS
1947,ZH
1948,BE
1949,ZH
1950,BE
1951,LU
1952,BS
1953,BS
1954,ZH
1955,BE
1956,LU
1957,BE
1958,BS
1959,ZH
1960,ZH
1961,BS
1962,ZH
1963,LU
1964,BS
1965,LU
1966,BS
1967,LU
1968,BS
1969,BE
1970,ZH
1971,BE
1972,ZH
1973,LU
1974,BS
1975,LU
1976,ZH
1977,BE
1978,BE
1979,ZH
1980,LU
1981,ZH
1982,ZH
1983,LU
1984,BS
1985,BE
1986,BS
1987,BS
1988,ZH
1989,BE
1990,ZH
1991,BS
1992,LU
1993,BE
1994,BE
1995,BS
1996,BE
1997,BS
1998,ZH
1999,LU
2000,BS
2001,BE
2002,ZH
2003,ZH
2004,BS
2005,ZH
2006,BE
2007,ZH
2008,ZH
2009,LU
2010,BE
2011,LU
2012,LU
2013,LU
2014,BE
2015,BE
2016,BE
2017,ZH
2018,ZH
2019,BE
2020,ZH
2021,LU
2022,LU
2023,ZH
2024,BS
2025,BE
2026,ZH
2027,ZH
2028,ZH
2029,BS
2030,BS
2031,LU
2032,LU
2033,ZH
2034,BE
2035,BS
2036,BS
2037,ZH
2038,ZH
2039,BS
2040,LU
2041,LU
2042,LU
2043,LU
2044,LU
2045,ZH
2046,LU
2047,ZH
2048,BE
2049,LU
2050,LU
2051,BS
2052,LU
2053,BS
2054,BS
2055,ZH
2056,BS
2057,ZH
2058,ZH
2059,ZH
2060,BS
2061,BS
2062,BS
2063,ZH
2064,LU
2065,ZH
2066,BE
2067,BE
2068,BS
2069,BS
2070,LU
2071,ZH
2072,BE
2073,LU
2074,LU
2075,LU
2076,ZH
2077,ZH
2078,ZH
2079,BS
2080,ZH
2081,ZH
2082,BS
2083,LU
2084,BS
2085,BE
2086,LU
2087,BS
2088,BE
2089,ZH
2090,LU
2091,BS
2092,ZH
2093,BE
2094,BS
2095,BE
2096,BS
2097,ZH
2098,BE
2099,ZH
2100,ZH
2101,ZH
2102,LU
2103,ZH
2104,BE
2105,ZH
2106,ZH
2107,LU
2108,ZH
2109,LU
2110,BE
2111,BS
2112,LU
2113,LU
2114,LU
2115,ZH
2116,LU
2117,BE
2118,BS
2119,BE
2120,BE
2121,BE
2122,BS
2123,ZH
2124,LU
2125,BS
2126,LU
2127,ZH
2128,BE
2129,ZH
2130,ZH
2131,LU
2132,ZH
2133,BS
2134,BE
2135,ZH
2136,BS
2137,BE
2138,BE
2139,ZH
2140,ZH
2141,LU
2142,LU
2143,LU
2144,BS
2145,BS
2146,ZH
2147,BE
2148,ZH
2149,LU
2150,BE
2151,BE
2152,BS
2153,BE
2154,ZH
2155,LU
2156,ZH
2157,ZH
2158,BS
2159,ZH
2160,BE
2161,ZH
2162,BS
2163,ZH
2164,LU
2165,BE
2166,BS
2167,BS
2168,ZH
2169,ZH
2170,ZH
2171,BE
2172,ZH
2173,LU
2174,ZH
2175,BS
2176,ZH
2177,LU
2178,LU
2179,ZH
2180,BE
2181,ZH
2182,BE
2183,ZH
2184,ZH
2185,BS
2186,BE
2187,BS
2188,BE
2189,LU
2190,LU
2191,BE
2192,ZH
2193,BE
2194,BE
2195,ZH
2196,ZH
2197,ZH
2198,BS
2199,LU
2200,LU
2201,LU
2202,ZH
2203,ZH
2204,ZH
2205,BE
2206,LU
2207,BE
2208,LU
2209,LU
2210,BS
2211,LU
2212,ZH
2213,LU
2214,ZH
2215,BE
2216,LU
2217,LU
2218,BE
2219,ZH
2220,BE
2221,BS
2222,BE
2223,LU
2224,ZH
2225,ZH
2226,ZH
2227,LU
2228,LU
2229,ZH
2230,ZH
2231,BS
2232,BS
2233,LU
2234,ZH
2235,ZH
2236,BE
2237,BS
2238,ZH
2239,ZH
2240,BE
2241,BS
2242,BE
2243,ZH
2244,LU
2245,LU
2246,LU
2247,BE
2248,BS
2249,ZH
2250,BE
2251,BE
2252,ZH
2253,ZH
2254,BS
2255,ZH
2256,LU
2257,ZH
2258,BE
2259,BE
2260,LU
2261,LU
2262,ZH
2263,LU
2264,LU
2265,BE
2266,LU
2267,ZH
2268,ZH
2269,ZH
2270,ZH
2271,ZH
2272,BS
2273,ZH
2274,BE
2275,BS
2276,BE
2277,ZH
2278,LU
2279,LU
2280,BS
2281,LU
2282,BE
2283,BE
2284,ZH
2285,ZH
2286,ZH
2287,BE
2288,LU
2289,ZH
2290,BE
2291,BS
2292,BE
2293,BS
2294,BE
2295,BE
2296,BS
2297,LU
2298,LU
2299,BS
2300,LU
2301,BE
2302,BS
2303,LU
2304,ZH
2305,BE
2306,BE
2307,LU
2308,ZH
2309,ZH
2310,BS
2311,ZH
2312,BS
2313,ZH
2314,ZH
2315,BS
2316,BS
2317,BE
2318,BE
2319,LU
2320,ZH
2321,ZH
2322,ZH
2323,BE
2324,BS
2325,LU
2326,BS
2327,LU
2328,BS
2329,ZH
2330,LU
2331,BS
2332,BS
2333,BS
2334,ZH
2335,BE
2336,ZH
2337,BE
2338,ZH
2339,ZH
2340,BE
2341,ZH
2342,BE
2343,LU
2344,BS
2345,BS
2346,BS
2347,ZH
2348,BE
2349,ZH
2350,BE
2351,ZH
2352,BS
2353,BS
2354,BE
2355,ZH
2356,ZH
2357,ZH
2358,ZH
2359,LU
2360,LU
2361,LU
2362,ZH
2363,LU
2364,ZH
2365,ZH
2366,LU
2367,ZH
2368,ZH
2369,BE
2370,BE
2371,BE
2372,ZH
2373,LU
2374,BS
2375,ZH
2376,BE
2377,ZH
2378,BS
2379,BS
2380,ZH
2381,ZH
2382,LU
2383,ZH
2384,BS
2385,ZH
2386,BS
2387,ZH
2388,ZH
2389,ZH
2390,ZH
2391,BE
2392,ZH
2393,BE
2394,BE
2395,LU
2396,BE
2397,BE
2398,ZH
2399,BS
2400,BE
2401,LU
2402,BS
2403,BE
2404,BS
2405,LU
2406,BE
2407,ZH
2408,BE
2409,BE
2410,LU
2411,LU
2412,LU
2413,ZH
2414,BS
2415,LU
2416,ZH
2417,LU
2418,LU
2419,BS
2420,LU
2421,BE
2422,BS
2423,BE
2424,BS
2425,ZH
2426,LU
2427,BE
2428,LU
2429,LU
2430,BS
2431,ZH
2432,BS
2433,ZH
2434,BS
2435,LU
2436,LU
2437,ZH
2438,BS
2439,BE
2440,BE
2441,BS
2442,BE
2443,ZH
2444,LU
2445,LU
2446,BE
2447,BE
2448,BE
2449,LU
2450,BS
2451,LU
2452,ZH
2453,ZH
2454,BE
2455,BE
2456,ZH
2457,LU
2458,ZH
2459,ZH
2460,BS
2461,ZH
2462,ZH
2463,ZH
2464,BS
2465,ZH
2466,BE
2467,BE
2468,BE
2469,BE
2470,ZH
2471,ZH
2472,BE
2473,BS
2474,ZH
2475,BE
2476,BS
2477,BS
2478,LU
2479,ZH
2480,BE
2481,BE
2482,ZH
2483,LU
2484,ZH
2485,BS
2486,ZH
2487,BE
2488,BS
2489,BE
2490,ZH
2491,ZH
2492,ZH
2493,BE
2494,BS
2495,BS
2496,BS
2497,ZH
2498,BS
2499,BS
2500,BE
2501,LU
2502,BS
2503,BS
2504,BS
2505,ZH
2506,BE
2507,ZH
2508,BE
2509,BS
2510,ZH
2511,BS
2512,ZH
2513,ZH
2514,LU
2515,ZH
2516,ZH
2517,ZH
2518,ZH
2519,LU
2520,BS
2521,BE
2522,BE
2523,BE
2524,BE
2525,LU
2526,BS
2527,ZH
2528,BE
2529,ZH
2530,LU
2531,ZH
2532,ZH
2533,ZH
2534,BS
2535,BE
2536,BS
2537,ZH
2538,BE
2539,BE
2540,BE
2541,BE
2542,LU
2543,BE
2544,BE
2545,ZH
2546,BS
2547,BE
2548,BE
2549,BE
2550,LU
2551,BS
2552,BS
2553,ZH
2554,BS
2555,BS
2556,BS
2557,ZH
2558,ZH
2559,LU
2560,BS
2561,LU
2562,ZH
2563,BE
2564,ZH
2565,BE
2566,LU
2567,BS
2568,ZH
2569,ZH
2570,ZH
2571,BE
2572,BS
2573,ZH
2574,BS
2575,ZH
2576,LU
2577,BS
2578,BS
2579,BS
2580,ZH
2581,ZH
2582,ZH
2583,LU
2584,LU
2585,BE
2586,BS
2587,LU
2588,LU
2589,BE
2590,BS
2591,BS
2592,ZH
2593,BS
2594,BE
2595,BS
2596,ZH
2597,ZH
2598,LU
2599,LU
2600,LU
2601,ZH
2602,BE
2603,LU
2604,BE
2605,BE
2606,BE
2607,ZH
2608,BS
2609,ZH
2610,BS
2611,LU
2612,BE
2613,ZH
2614,BE
2615,LU
2616,LU
2617,LU
2618,BE
2619,LU
2620,LU
2621,LU
2622,BE
2623,BS
2624,LU
2625,BS
2626,LU
2627,BS
2628,BS
2629,BS
2630,BE
2631,BE
2632,BS
2633,ZH
2634,LU
2635,LU
2636,BS
2637,BS
2638,BS
2639,BE
2640,ZH
2641,BE
2642,BS
2643,ZH
2644,BE
2645,BS
2646,BS
2647,BS
2648,BS
2649,ZH
2650,ZH
2651,BE
2652,BS
2653,ZH
2654,BS
2655,BE
2656,LU
2657,ZH
2658,ZH
2659,BE
2660,ZH
2661,LU
2662,ZH
2663,ZH
2664,BS
2665,LU
2666,LU
2667,ZH
2668,LU
2669,LU
2670,BE
2671,ZH
2672,ZH
2673,BE
2674,ZH
2675,ZH
2676,ZH
2677,LU
2678,LU
2679,BE
2680,BS
2681,BE
2682,BE
2683,ZH
2684,BS
2685,BE
2686,LU
2687,ZH
2688,ZH
2689,ZH
2690,LU
2691,LU
2692,BS
2693,ZH
2694,BS
2695,LU
2696,LU
2697,LU
2698,ZH
2699,BE
2700,ZH
2701,BE
2702,BE
2703,LU
2704,ZH
2705,BE
2706,ZH
2707,BE
2708,ZH
2709,BE
2710,ZH
2711,BS
2712,ZH
2713,LU
2714,ZH
2715,ZH
2716,ZH
2717,BE
2718,BS
2719,LU
2720,LU
2721,LU
2722,BE
2723,BE
2724,LU
2725,BS
2726,LU
2727,LU
2728,BS
2729,BS
2730,BE
2731,BE
2732,BS
2733,BE
2734,ZH
2735,BS
2736,BE
2737,ZH
2738,ZH
2739,BS
2740,ZH
2741,ZH
2742,BE
2743,LU
2744,ZH
2745,ZH
2746,BE
2747,LU
2748,BE
2749,ZH
2750,ZH
2751,BE
2752,BS
2753,LU
2754,ZH
2755,BS
2756,BS
2757,LU
2758,LU
2759,BE
2760,BE
2761,ZH
2762,BS
2763,BE
2764,LU
2765,BE
2766,BS
2767,BS
2768,ZH
2769,BE
2770,ZH
2771,ZH
2772,ZH
2773,LU
2774,BE
2775,BE
2776,BS
2777,ZH
2778,LU
2779,ZH
2780,LU
2781,BS
2782,ZH
2783,BS
2784,BS
2785,LU
2786,BS
2787,BE
2788,LU
2789,ZH
2790,ZH
2791,ZH
2792,ZH
2793,ZH
2794,BE
2795,LU
2796,ZH
2797,BS
2798,BS
2799,ZH
2800,BS
2801,ZH
2802,ZH
2803,BE
2804,ZH
2805,BE
2806,BS
2807,ZH
2808,BE
2809,BE
2810,BS
2811,ZH
2812,BE
2813,BE
2814,ZH
2815,LU
2816,BS
2817,LU
2818,ZH
2819,BS
2820,ZH
2821,BE
2822,LU
2823,ZH
2824,BS
2825,LU
2826,LU
2827,BS
2828,BE
2829,BS
2830,BE
2831,BE
2832,BS
2833,LU
2834,BS
2835,BS
2836,BS
2837,ZH
2838,ZH
2839,LU
2840,BE
2841,BE
2842,ZH
2843,BE
2844,ZH
2845,LU
2846,BE
2847,BE
2848,LU
2849,LU
2850,LU
2851,LU
2852,ZH
2853,BE
2854,LU
2855,BE
2856,BS
2857,BE
2858,LU
2859,ZH
2860,ZH
2861,LU
2862,LU
2863,LU
2864,LU
2865,ZH
2866,BE
2867,BE
2868,BE
2869,ZH
2870,LU
2871,ZH
2872,BE
2873,LU
2874,BS
2875,ZH
2876,BE
2877,BE
2878,LU
2879,ZH
2880,ZH
2881,BS
2882,ZH
2883,BE
2884,LU
2885,BE
2886,BS
2887,LU
2888,BS
2889,ZH
2890,ZH
2891,BS
2892,ZH
2893,ZH
2894,BE
2895,BE
2896,BE
2897,LU
2898,LU
2899,BS
2900,BS
2901,ZH
2902,BS
2903,BS
2904,LU
2905,BS
2906,BS
2907,BS
2908,LU
2909,BS
2910,BS
2911,ZH
2912,LU
2913,ZH
2914,ZH
2915,BE
2916,LU
2917,ZH
2918,LU
2919,BE
2920,BE
2921,ZH
2922,ZH
2923,BS
2924,BE
2925,BE
2926,ZH
2927,BE
2928,LU
2929,BS
2930,ZH
2931,ZH
2932,BS
2933,ZH
2934,ZH
2935,LU
2936,LU
2937,ZH
2938,BE
2939,LU
2940,BS
2941,LU
2942,ZH
2943,BE
2944,ZH
2945,BS
2946,BE
2947,ZH
2948,ZH
2949,BS
2950,ZH
2951,LU
2952,ZH
2953,ZH
2954,LU
2955,BS
2956,BS
2957,BS
2958,LU
2959,BE
2960,LU
2961,LU
2962,ZH
2963,LU
2964,BS
2965,BS
2966,ZH
2967,ZH
2968,LU
2969,LU
2970,BE
2971,LU
2972,BE
2973,LU
2974,ZH
2975,ZH
2976,LU
2977,LU
2978,ZH
2979,LU
2980,ZH
2981,BS
2982,BE
2983,BS
2984,LU
2985,ZH
2986,LU
2987,BE
2988,ZH
2989,BE
2990,ZH
2991,BS
2992,ZH
2993,BS
2994,BS
2995,ZH
2996,LU
2997,ZH
2998,LU
2999,ZH
3000,ZH
3001,LU
3002,ZH
3003,LU
3004,BS
3005,ZH
3006,BS
3007,ZH
3008,LU
3009,LU
3010,ZH
3011,ZH
3012,ZH
3013,ZH
3014,ZH
3015,ZH
3016,LU
3017,BS
3018,BE
3019,BS
3020,LU
3021,BS
3022,BE
3023,ZH
3024,BE
3025,LU
3026,BE
3027,ZH
3028,BE
3029,BS
3030,ZH
3031,LU
3032,LU
3033,BS
3034,BS
3035,ZH
3036,BS
3037,BE
3038,LU
3039,LU
3040,ZH
3041,ZH
3042,BS
3043,ZH
3044,BE
3045,BS
3046,BS
3047,BE
3048,ZH
3049,ZH
3050,BS
3051,BS
3052,BS
3053,LU
3054,LU
3055,BE
3056,LU
3057,BS
3058,LU
3059,BE
3060,LU
3061,ZH
3062,BS
3063,BE
3064,BE
3065,ZH
3066,LU
3067,BE
3068,ZH
3069,ZH
3070,ZH
3071,BE
3072,LU
3073,LU
3074,LU
3075,ZH
3076,BS
3077,LU
3078,ZH
3079,LU
3080,BE
3081,ZH
3082,BE
3083,ZH
3084,BE
3085,ZH
3086,BE
3087,BS
3088,BS
3089,BE
3090,BS
3091,BS
3092,LU
3093,LU
3094,LU
3095,ZH
3096,BE
3097,BS
3098,LU
3099,BS
3100,BS
3101,ZH
3102,ZH
3103,BE
3104,LU
3105,BS
3106,LU
3107,BE
3108,BE
3109,BE
3110,BE
3111,LU
3112,ZH
3113,ZH
3114,BS
3115,ZH
3116,BE
3117,BE
3118,ZH
3119,ZH
3120,BS
3121,BS
3122,ZH
3123,ZH
3124,LU
3125,BS
3126,ZH
3127,BE
3128,ZH
3129,ZH
3130,ZH
3131,ZH
3132,BE
3133,BS
3134,BE
3135,BS
3136,ZH
3137,BS
3138,BE
3139,ZH
3140,BE
3141,LU
3142,ZH
3143,BS
3144,BE
3145,BS
3146,ZH
3147,BE
3148,BS
3149,LU
3150,ZH
3151,BS
3152,BE
3153,BE
3154,BE
3155,BE
3156,LU
3157,ZH
3158,ZH
3159,ZH
3160,ZH
3161,BS
3162,ZH
3163,BE
3164,LU
3165,ZH
3166,LU
3167,ZH
3168,BS
3169,ZH
3170,ZH
3171,ZH
3172,LU
3173,BS
3174,ZH
3175,BS
3176,BS
3177,ZH
3178,ZH
3179,ZH
3180,BE
3181,ZH
3182,LU
3183,ZH
3184,BE
3185,BE
3186,BS
3187,BE
3188,ZH
3189,LU
3190,BE
3191,BS
3192,ZH
3193,BE
3194,BS
3195,BS
3196,ZH
3197,BE
3198,BS
3199,LU
3200,ZH
3201,BS
3202,BS
3203,ZH
3204,ZH
3205,LU
3206,ZH
3207,BE
3208,BS
3209,ZH
3210,BS
3211,LU
3212,LU
3213,ZH
3214,ZH
3215,LU
3216,ZH
3217,ZH
3218,ZH
3219,LU
3220,ZH
3221,BS
3222,ZH
3223,BE
3224,ZH
3225,BE
3226,BE
3227,BS
3228,LU
3229,BE
3230,BS
3231,ZH
3232,BS
3233,LU
3234,ZH
3235,ZH
3236,BE
3237,BE
3238,BE
3239,BE
3240,ZH
3241,ZH
3242,BE
3243,BE
3244,BS
3245,LU
3246,BE
3247,ZH
3248,LU
3249,LU
3250,BS
3251,ZH
3252,BS
3253,BE
3254,BS
3255,BS
3256,BS
3257,BE
3258,BE
3259,ZH
3260,BS
3261,ZH
3262,LU
3263,LU
3264,LU
3265,ZH
3266,LU
3267,ZH
3268,LU
3269,BE
3270,ZH
3271,ZH
3272,LU
3273,ZH
3274,ZH
3275,ZH
3276,BE
3277,ZH
3278,BS
3279,ZH
3280,BS
3281,BS
3282,ZH
3283,BE
3284,LU
3285,BE
3286,BS
3287,BS
3288,BE
3289,ZH
3290,BS
3291,ZH
3292,BS
3293,ZH
3294,LU
3295,BE
3296,ZH
3297,ZH
3298,BE
3299,LU
3300,LU
3301,ZH
3302,ZH
3303,ZH
3304,LU
3305,LU
3306,BE
3307,ZH
3308,ZH
3309,BS
3310,BS
3311,LU
3312,BE
3313,ZH
3314,BE
3315,ZH
3316,ZH
3317,BS
3318,LU
3319,ZH
3320,BE
3321,BS
3322,BS
3323,LU
3324,ZH
3325,BS
3326,BS
3327,BS
3328,ZH
3329,BE
3330,ZH
3331,LU
3332,BE
3333,LU
3334,BS
3335,BS
3336,BE
3337,ZH
3338,ZH
3339,ZH
3340,LU
3341,BE
3342,BS
3343,BS
3344,BS
3345,ZH
3346,LU
3347,BS
3348,BE
3349,ZH
3350,LU
3351,LU
3352,BS
3353,LU
3354,ZH
3355,BE
3356,BE
3357,ZH
3358,LU
3359,LU
3360,BE
3361,LU
3362,LU
3363,BE
3364,BS
3365,BE
3366,BS
3367,BS
3368,BE
3369,BE
3370,BE
3371,BE
3372,BE
3373,LU
3374,ZH
3375,ZH
3376,ZH
3377,LU
3378,LU
3379,LU
3380,BS
3381,ZH
3382,BS
3383,ZH
3384,BS
3385,ZH
3386,ZH
3387,LU
3388,BE
3389,ZH
3390,ZH
3391,BE
3392,BE
3393,BS
3394,ZH
3395,BS
3396,BS
3397,ZH
3398,ZH
3399,ZH
3400,LU
3401,ZH
3402,ZH
3403,BS
3404,ZH
3405,BS
3406,LU
3407,LU
3408,ZH
3409,ZH
3410,LU
3411,LU
3412,BS
3413,ZH
3414,BE
3415,BS
3416,ZH
3417,BE
3418,LU
3419,ZH
3420,LU
3421,LU
3422,BS
3423,LU
3424,BS
3425,BS
3426,ZH
3427,LU
3428,BE
3429,BE
3430,BS
3431,ZH
3432,LU
3433,LU
3434,BS
3435,LU
3436,LU
3437,ZH
3438,LU
3439,ZH
3440,ZH
3441,BE
3442,BE
3443,ZH
3444,BS
3445,LU
3446,BE
3447,BS
3448,LU
3449,LU
3450,ZH
3451,ZH
3452,BE
3453,ZH
3454,ZH
3455,LU
3456,ZH
3457,BS
3458,BE
3459,ZH
3460,BE
3461,LU
3462,LU
3463,ZH
3464,ZH
3465,LU
3466,ZH
3467,BE
3468,ZH
3469,BS
3470,ZH
3471,BS
3472,BS
3473,BE
3474,BE
3475,BS
3476,ZH
3477,ZH
3478,LU
3479,LU
3480,BE
3481,BE
3482,BS
3483,LU
3484,BS
3485,ZH
3486,BE
3487,BS
3488,BE
3489,ZH
3490,ZH
3491,ZH
3492,BS
3493,LU
3494,BS
3495,BE
3496,ZH
3497,LU
3498,BE
3499,BE
3500,BE
3501,LU
3502,BE
3503,BS
3504,ZH
3505,LU
3506,BS
3507,ZH
3508,BS
3509,LU
3510,BE
3511,LU
3512,BS
3513,ZH
3514,ZH
3515,BE
3516,ZH
3517,ZH
3518,BS
3519,BE
3520,BS
3521,BE
3522,LU
3523,ZH
3524,LU
3525,BE
3526,LU
3527,BS
3528,BS
3529,ZH
3530,ZH
3531,LU
3532,LU
3533,ZH
3534,BE
3535,ZH
3536,BS
3537,ZH
3538,BE
3539,ZH
3540,ZH
3541,ZH
3542,LU
3543,BS
3544,BE
3545,ZH
3546,BE
3547,ZH
3548,LU
3549,LU
3550,BE
3551,BE
3552,ZH
3553,BS
3554,BE
3555,ZH
3556,LU
3557,BE
3558,ZH
3559,LU
3560,ZH
3561,BS
3562,ZH
3563,ZH
3564,BE
3565,LU
3566,BS
3567,BS
3568,ZH
3569,ZH
3570,BS
3571,ZH
3572,BE
3573,BE
3574,BS
3575,ZH
3576,ZH
3577,ZH
3578,LU
3579,LU
3580,LU
3581,LU
3582,ZH
3583,BE
3584,BS
3585,LU
3586,BE
3587,LU
3588,BS
3589,BS
3590,BS
3591,BS
3592,BE
3593,LU
3594,BS
3595,LU
3596,ZH
3597,BE
3598,ZH
3599,BS
3600,BS
3601,BS
3602,ZH
3603,BS
3604,ZH
3605,BS
3606,ZH
3607,LU
3608,ZH
3609,BE
3610,ZH
3611,BS
3612,ZH
3613,ZH
3614,ZH
3615,BE
3616,BS
3617,ZH
3618,BE
3619,BS
3620,BS
3621,ZH
3622,ZH
3623,ZH
3624,BS
3625,BS
3626,BS
3627,LU
3628,BS
3629,BS
3630,ZH
3631,BS
3632,ZH
3633,LU
3634,LU
3635,ZH
3636,BS
3637,BS
3638,BS
3639,BS
3640,LU
3641,ZH
3642,BS
3643,BS
3644,BE
3645,ZH
3646,BS
3647,LU
3648,BE
3649,BS
3650,ZH
3651,ZH
3652,BS
3653,ZH
3654,BE
3655,BS
3656,ZH
3657,LU
3658,LU
3659,BS
3660,BE
3661,BS
3662,LU
3663,LU
3664,BS
3665,BE
3666,BE
3667,ZH
3668,LU
3669,BS
3670,ZH
3671,ZH
3672,ZH
3673,ZH
3674,BE
3675,ZH
3676,BE
3677,BS
3678,BE
3679,LU
3680,LU
3681,ZH
3682,LU
3683,BE
3684,BS
3685,LU
3686,BS
3687,LU
3688,BE
3689,LU
3690,BE
3691,LU
3692,BE
3693,ZH
3694,LU
3695,ZH
3696,LU
3697,ZH
3698,BS
3699,BE
3700,BS
3701,ZH
3702,LU
3703,BS
3704,LU
3705,BE
3706,BE
3707,BE
3708,LU
3709,ZH
3710,ZH
3711,BE
3712,BE
3713,BE
3714,LU
3715,ZH
3716,BS
3717,LU
3718,BS
3719,LU
3720,LU
3721,BS
3722,ZH
3723,BS
3724,LU
3725,BS
3726,BS
3727,ZH
3728,BE
3729,BS
3730,BS
3731,BS
3732,ZH
3733,LU
3734,LU
3735,LU
3736,BS
3737,BS
3738,ZH
3739,ZH
3740,ZH
3741,ZH
3742,BS
3743,ZH
3744,LU
3745,LU
3746,ZH
3747,ZH
3748,BS
3749,BE
3750,BE
3751,ZH
3752,BS
3753,BS
3754,BE
3755,LU
3756,ZH
3757,BS
3758,BS
3759,BS
3760,BE
3761,ZH
3762,LU
3763,ZH
3764,BS
3765,BS
3766,ZH
3767,LU
3768,BE
3769,BE
3770,ZH
3771,ZH
3772,BS
3773,BE
3774,ZH
3775,ZH
3776,BE
3777,BS
3778,ZH
3779,ZH
3780,BS
3781,LU
3782,ZH
3783,BE
3784,ZH
3785,ZH
3786,BE
3787,BE
3788,BS
3789,ZH
3790,BE
3791,BE
3792,BE
3793,ZH
3794,LU
3795,BS
3796,ZH
3797,BE
3798,ZH
3799,BS
3800,BS
3801,BS
3802,BE
3803,LU
3804,BS
3805,BS
3806,BE
3807,LU
3808,LU
3809,ZH
3810,BE
3811,ZH
3812,BE
3813,ZH
3814,LU
3815,BE
3816,LU
3817,LU
3818,LU
3819,ZH
3820,LU
3821,ZH
3822,BE
3823,LU
3824,ZH
3825,BS
3826,LU
3827,BS
3828,LU
3829,ZH
3830,LU
3831,LU
3832,LU
3833,ZH
3834,LU
3835,LU
3836,BS
3837,ZH
3838,LU
3839,ZH
3840,LU
3841,BS
3842,ZH
3843,ZH
3844,ZH
3845,LU
3846,LU
3847,BE
3848,BE
3849,BE
3850,ZH
3851,ZH
3852,BE
3853,LU
3854,BS
3855,ZH
3856,BS
3857,BE
3858,BS
3859,BE
3860,BS
3861,BE
3862,ZH
3863,BS
3864,BE
3865,BE
3866,BS
3867,BS
3868,BE
3869,BE
3870,ZH
3871,BE
3872,BS
3873,BE
3874,BS
3875,LU
3876,BS
3877,BE
3878,BE
3879,ZH
3880,BS
3881,BS
3882,BS
3883,LU
3884,BS
3885,ZH
3886,LU
3887,ZH
3888,BE
3889,LU
3890,BS
3891,BS
3892,BS
3893,LU
3894,BS
3895,BE
3896,BE
3897,BS
3898,BS
3899,BS
3900,ZH
3901,ZH
3902,ZH
3903,ZH
3904,LU
3905,ZH
3906,BS
3907,LU
3908,BS
3909,BS
3910,ZH
3911,BE
3912,BS
3913,BE
3914,ZH
3915,ZH
3916,BS
3917,BE
3918,LU
3919,BE
3920,ZH
3921,LU
3922,LU
3923,ZH
3924,BS
3925,BS
3926,ZH
3927,BE
3928,ZH
3929,LU
3930,ZH
3931,ZH
3932,BE
3933,ZH
3934,BE
3935,BE
3936,BE
3937,BS
3938,BE
3939,ZH
3940,BS
3941,BS
3942,BE
3943,LU
3944,ZH
3945,BE
3946,ZH
3947,LU
3948,BS
3949,ZH
3950,ZH
3951,BS
3952,ZH
3953,LU
3954,ZH
3955,BE
3956,BS
3957,BS
3958,LU
3959,BS
3960,BS
3961,BE
3962,ZH
3963,BS
3964,BE
3965,LU
3966,ZH
3967,ZH
3968,BS
3969,ZH
3970,ZH
3971,BS
3972,BE
3973,BE
3974,BE
3975,BE
3976,BE
3977,BS
3978,ZH
3979,BE
3980,LU
3981,LU
3982,BE
3983,LU
3984,ZH
3985,LU
3986,BE
3987,LU
3988,BE
3989,BS
3990,ZH
3991,BE
3992,ZH
3993,BE
3994,ZH
3995,ZH
3996,BE
3997,LU
3998,BS
3999,BS
4000,BS
4001,BE
4002,ZH
4003,ZH
4004,ZH
4005,BS
4006,BE
4007,ZH
4008,LU
4009,BS
4010,BE
4011,BS
4012,ZH
4013,ZH
4014,BE
4015,LU
4016,ZH
4017,LU
4018,ZH
4019,BS
4020,BS
4021,BE
4022,BS
4023,ZH
4024,ZH
4025,BS
4026,BS
4027,LU
4028,BE
4029,BS
4030,BE
4031,BS
4032,ZH
4033,ZH
4034,ZH
4035,LU
4036,ZH
4037,ZH
4038,BS
4039,BE
4040,BE
4041,BE
4042,ZH
4043,BE
4044,ZH
4045,LU
4046,ZH
4047,BE
4048,BS
4049,BS
4050,BS
4051,BE
4052,LU
4053,BS
4054,LU
4055,ZH
4056,ZH
4057,BE
4058,BE
4059,LU
4060,BE
4061,ZH
4062,ZH
4063,BS
4064,ZH
4065,LU
4066,LU
4067,BE
4068,BS
4069,BE
4070,BS
4071,BE
4072,BE
4073,BE
4074,BE
4075,ZH
4076,BS
4077,LU
4078,LU
4079,LU
4080,BE
4081,BE
4082,ZH
4083,BE
4084,ZH
4085,LU
4086,LU
4087,BS
4088,LU
4089,LU
4090,BS
4091,BE
4092,LU
4093,ZH
4094,ZH
4095,BE
4096,ZH
4097,BE
4098,ZH
4099,BE
4100,LU
4101,LU
4102,BE
4103,BE
4104,BS
4105,BS
4106,ZH
4107,ZH
4108,LU
4109,BE
4110,BS
4111,ZH
4112,BS
4113,ZH
4114,BE
4115,BE
4116,BS
4117,LU
4118,BS
4119,ZH
4120,BE
4121,BS
4122,BS
4123,ZH
4124,BS
4125,BE
4126,ZH
4127,BS
4128,LU
4129,BE
4130,LU
4131,ZH
4132,ZH
4133,LU
4134,LU
4135,ZH
4136,ZH
4137,LU
4138,BS
4139,ZH
4140,BE
4141,ZH
4142,ZH
4143,ZH
4144,LU
4145,LU
4146,BE
4147,BS
4148,ZH
4149,ZH
4150,LU
4151,LU
4152,BE
4153,BE
4154,ZH
4155,BS
4156,ZH
4157,BE
4158,BS
4159,LU
4160,BE
4161,ZH
4162,ZH
4163,ZH
4164,LU
4165,BS
4166,LU
4167,BE
4168,BS
4169,BS
4170,ZH
4171,BS
4172,LU
4173,ZH
4174,ZH
4175,BS
4176,ZH
4177,BS
4178,BS
4179,BE
4180,LU
4181,ZH
4182,BE
4183,BE
4184,LU
4185,ZH
4186,BS
4187,BS
4188,BE
4189,BE
4190,ZH
4191,LU
4192,BE
4193,BE
4194,BS
4195,BE
4196,LU
4197,ZH
4198,ZH
4199,LU
4200,BS
4201,BE
4202,ZH
4203,BS
4204,BE
4205,ZH
4206,BS
4207,ZH
4208,LU
4209,BE
4210,ZH
4211,LU
4212,BE
4213,LU
4214,BE
4215,LU
4216,BE
4217,BS
4218,ZH
4219,LU
4220,LU
4221,ZH
4222,BS
4223,BS
4224,ZH
4225,BE
4226,ZH
4227,LU
4228,BE
4229,BE
4230,ZH
4231,ZH
4232,ZH
4233,BS
4234,ZH
4235,LU
4236,BE
4237,BS
4238,ZH
4239,LU
4240,BE
4241,BS
4242,BE
4243,LU
4244,BE
4245,ZH
4246,LU
4247,BS
4248,BS
4249,BE
4250,BE
4251,BS
4252,LU
4253,LU
4254,ZH
4255,BE
4256,ZH
4257,ZH
4258,BS
4259,ZH
4260,BE
4261,ZH
4262,ZH
4263,BE
4264,BE
4265,BE
4266,BE
4267,LU
4268,BS
4269,LU
4270,ZH
4271,LU
4272,BE
4273,ZH
4274,BS
4275,BS
4276,ZH
4277,ZH
4278,LU
4279,LU
4280,BS
4281,LU
4282,LU
4283,BE
4284,LU
4285,ZH
4286,LU
4287,ZH
4288,BS
4289,BS
4290,ZH
4291,LU
4292,BE
4293,BE
4294,LU
4295,ZH
4296,BE
4297,BE
4298,BE
4299,BE
4300,BS
4301,ZH
4302,BS
4303,BE
4304,ZH
4305,ZH
4306,BE
4307,ZH
4308,ZH
4309,BS
4310,ZH
4311,BS
4312,ZH
4313,LU
4314,LU
4315,LU
4316,ZH
4317,BS
4318,LU
4319,BE
4320,LU
4321,BE
4322,LU
4323,ZH
4324,ZH
4325,ZH
4326,BS
4327,ZH
4328,ZH
4329,BS
4330,BS
4331,BE
4332,ZH
4333,BE
4334,BE
4335,BE
4336,BS
4337,LU
4338,BS
4339,BS
4340,BE
4341,BE
4342,BE
4343,BE
4344,ZH
4345,LU
4346,LU
4347,ZH
4348,LU
4349,BS
4350,ZH
4351,BE
4352,ZH
4353,ZH
4354,LU
4355,ZH
4356,ZH
4357,ZH
4358,ZH
4359,ZH
4360,BS
4361,ZH
4362,ZH
4363,ZH
4364,ZH
4365,BS
4366,BS
4367,BE
4368,LU
4369,ZH
4370,ZH
4371,LU
4372,ZH
4373,ZH
4374,BS
4375,BS
4376,LU
4377,BE
4378,BE
4379,BS
4380,ZH
4381,BE
4382,BE
4383,LU
4384,BE
4385,ZH
4386,BS
4387,BS
4388,ZH
4389,ZH
4390,BS
4391,BE
4392,LU
4393,BE
4394,BE
4395,ZH
4396,BS
4397,ZH
4398,LU
4399,ZH
4400,BS
4401,ZH
4402,BS
4403,ZH
4404,ZH
4405,BS
4406,BE
4407,ZH
4408,BS
4409,BE
4410,BS
4411,BS
4412,LU
4413,ZH
4414,BE
4415,BE
4416,BE
4417,LU
4418,BS
4419,LU
4420,LU
4421,ZH
4422,BS
4423,BS
4424,ZH
4425,ZH
4426,BS
4427,BS
4428,ZH
4429,BS
4430,BS
4431,BS
4432,BE
4433,LU
4434,ZH
4435,ZH
4436,ZH
4437,BS
4438,ZH
4439,LU
4440,BS
4441,ZH
4442,ZH
4443,LU
4444,BE
4445,BE
4446,BE
4447,ZH
4448,LU
4449,LU
4450,BS
4451,LU
4452,LU
4453,ZH
4454,BS
4455,ZH
4456,BE
4457,BE
4458,BE
4459,BS
4460,LU
4461,LU
4462,LU
4463,BS
4464,BS
4465,BS
4466,BE
4467,BS
4468,BE
4469,LU
4470,LU
4471,ZH
4472,ZH
4473,ZH
4474,BS
4475,BS
4476,LU
4477,ZH
4478,LU
4479,BS
4480,BE
4481,ZH
4482,LU
4483,BE
4484,ZH
4485,LU
4486,BE
4487,BE
4488,BS
4489,ZH
4490,BE
4491,BE
4492,ZH
4493,LU
4494,BS
4495,BE
4496,LU
4497,BS
4498,ZH
4499,LU
4500,BS
4501,BE
4502,ZH
4503,ZH
4504,ZH
4505,BE
4506,ZH
4507,ZH
4508,LU
4509,BE
4510,LU
4511,BS
4512,LU
4513,BS
4514,BS
4515,ZH
4516,BE
4517,ZH
4518,LU
4519,ZH
4520,LU
4521,LU
4522,BS
4523,ZH
4524,BE
4525,LU
4526,ZH
4527,BE
4528,BE
4529,ZH
4530,ZH
4531,BE
4532,BE
4533,BE
4534,LU
4535,ZH
4536,LU
4537,LU
4538,ZH
4539,ZH
4540,BE
4541,LU
4542,ZH
4543,LU
4544,ZH
4545,LU
4546,BE
4547,BS
4548,ZH
4549,BE
4550,BS
4551,BS
4552,ZH
4553,BS
4554,ZH
4555,ZH
4556,BE
4557,BE
4558,BS
4559,BS
4560,BE
4561,ZH
4562,LU
4563,ZH
4564,ZH
4565,BS
4566,BS
4567,ZH
4568,ZH
4569,BS
4570,BE
4571,LU
4572,LU
4573,BE
4574,BE
4575,LU
4576,LU
4577,ZH
4578,LU
4579,LU
4580,ZH
4581,ZH
4582,ZH
4583,LU
4584,ZH
4585,LU
4586,LU
4587,BS
4588,BE
4589,BE
4590,ZH
4591,ZH
4592,ZH
4593,ZH
4594,BE
4595,LU
4596,ZH
4597,LU
4598,ZH
4599,LU
4600,LU
4601,ZH
4602,BS
4603,LU
4604,BE
4605,BE
4606,BE
4607,BS
4608,BS
4609,BE
4610,ZH
4611,ZH
4612,LU
4613,BE
4614,BE
4615,BE
4616,ZH
4617,ZH
4618,LU
4619,LU
4620,BS
4621,ZH
4622,BS
4623,BE
4624,BE
4625,LU
4626,BE
4627,LU
4628,BS
4629,BE
4630,BE
4631,LU
4632,BE
4633,BS
4634,BS
4635,LU
4636,BE
4637,LU
4638,LU
4639,BE
4640,ZH
4641,BS
4642,BE
4643,BS
4644,BE
4645,BE
4646,BS
4647,BE
4648,LU
4649,ZH
4650,BE
4651,LU
4652,LU
4653,BS
4654,BE
4655,BS
4656,LU
4657,ZH
4658,ZH
4659,ZH
4660,ZH
4661,ZH
4662,ZH
4663,BS
4664,LU
4665,LU
4666,BE
4667,ZH
4668,BS
4669,BS
4670,LU
4671,LU
4672,BE
4673,BS
4674,BS
4675,LU
4676,BS
4677,ZH
4678,LU
4679,ZH
4680,BS
4681,LU
4682,BE
4683,LU
4684,BS
4685,BE
4686,ZH
4687,BS
4688,ZH
4689,LU
4690,BS
4691,ZH
4692,ZH
4693,BS
4694,BE
4695,BS
4696,BS
4697,BS
4698,BE
4699,ZH
4700,BE
4701,LU
4702,BS
4703,LU
4704,BE
4705,LU
4706,BS
4707,LU
4708,ZH
4709,BE
4710,ZH
4711,ZH
4712,ZH
4713,BS
4714,BS
4715,ZH
4716,ZH
4717,LU
4718,BS
4719,ZH
4720,BE
4721,ZH
4722,LU
4723,ZH
4724,BS
4725,BE
4726,ZH
4727,BS
4728,LU
4729,BE
4730,BS
4731,ZH
4732,LU
4733,BE
4734,ZH
4735,BS
4736,BS
4737,BE
4738,BE
4739,BS
4740,BE
4741,ZH
4742,BE
4743,BE
4744,ZH
4745,ZH
4746,BS
4747,ZH
4748,BS
4749,BS
4750,ZH
4751,ZH
4752,LU
4753,ZH
4754,ZH
4755,BE
4756,ZH
4757,ZH
4758,LU
4759,ZH
4760,BS
4761,LU
4762,BS
4763,BE
4764,LU
4765,BS
4766,LU
4767,BE
4768,BE
4769,ZH
4770,LU
4771,LU
4772,ZH
4773,BS
4774,BS
4775,ZH
4776,LU
4777,ZH
4778,BE
4779,LU
4780,BE
4781,LU
4782,ZH
4783,BS
4784,BS
4785,BE
4786,ZH
4787,BE
4788,LU
4789,BS
4790,BE
4791,BE
4792,ZH
4793,BE
4794,ZH
4795,ZH
4796,ZH
4797,ZH
4798,ZH
4799,BE
4800,ZH
4801,ZH
4802,BE
4803,ZH
4804,LU
4805,LU
4806,LU
4807,BE
4808,LU
4809,ZH
4810,ZH
4811,LU
4812,LU
4813,ZH
4814,BS
4815,BS
4816,BS
4817,ZH
4818,BS
4819,LU
4820,LU
4821,BS
4822,BE
4823,BS
4824,LU
4825,ZH
4826,BS
4827,BS
4828,LU
4829,LU
4830,LU
4831,BE
4832,BS
4833,BE
4834,BS
4835,LU
4836,ZH
4837,BS
4838,ZH
4839,ZH
4840,LU
4841,ZH
4842,LU
4843,LU
4844,ZH
4845,ZH
4846,ZH
4847,BE
4848,BE
4849,ZH
4850,LU
4851,BS
4852,ZH
4853,ZH
4854,BS
4855,LU
4856,ZH
4857,BE
4858,ZH
4859,BS
4860,ZH
4861,LU
4862,ZH
4863,ZH
4864,ZH
4865,BS
4866,LU
4867,BE
4868,LU
4869,BE
4870,ZH
4871,LU
4872,BS
4873,ZH
4874,LU
4875,BS
4876,ZH
4877,BS
4878,BE
4879,BS
4880,BS
4881,LU
4882,LU
4883,BE
4884,ZH
4885,ZH
4886,BE
4887,BS
4888,ZH
4889,BE
4890,BE
4891,LU
4892,ZH
4893,ZH
4894,BE
4895,BE
4896,ZH
4897,BE
4898,LU
4899,BS
4900,ZH
4901,BE
4902,BS
4903,BE
4904,ZH
4905,BE
4906,BE
4907,BE
4908,BS
4909,ZH
4910,ZH
4911,ZH
4912,BS
4913,LU
4914,ZH
4915,LU
4916,BS
4917,BE
4918,BE
4919,ZH
4920,BS
4921,BS
4922,BS
4923,LU
4924,BE
4925,LU
4926,ZH
4927,ZH
4928,BS
4929,BS
4930,BE
4931,LU
4932,ZH
4933,BS
4934,BE
4935,BS
4936,ZH
4937,BS
4938,LU
4939,BS
4940,ZH
4941,ZH
4942,BE
4943,BE
4944,BE
4945,BE
4946,BS
4947,BE
4948,BE
4949,BE
4950,ZH
4951,BE
4952,ZH
4953,ZH
4954,ZH
4955,ZH
4956,ZH
4957,LU
4958,BS
4959,ZH
4960,BE
4961,BE
4962,ZH
4963,ZH
4964,LU
4965,BS
4966,LU
4967,BS
4968,BS
4969,ZH
4970,ZH
4971,LU
4972,ZH
4973,ZH
4974,ZH
4975,ZH
4976,ZH
4977,BE
4978,BE
4979,ZH
4980,ZH
4981,BS
4982,ZH
4983,ZH
4984,ZH
4985,BE
4986,BE
4987,BE
4988,ZH
4989,ZH
4990,ZH
4991,ZH
4992,LU
4993,BS
4994,BS
4995,BS
4996,BE
4997,BS
4998,BE
4999,ZH
5000,BS
5001,ZH
5002,BE
5003,ZH
5004,BE
5005,ZH
5006,ZH
5007,ZH
5008,BS
5009,BE
5010,BE
5011,BE
5012,BS
5013,LU
5014,LU
5015,LU
5016,BE
5017,BS
5018,BS
5019,BS
5020,ZH
5021,BS
5022,ZH
5023,BS
5024,ZH
5025,ZH
5026,ZH
5027,ZH
5028,ZH
5029,LU
5030,LU
5031,ZH
5032,ZH
5033,LU
5034,ZH
5035,BE
5036,BS
5037,LU
5038,BE
5039,LU
5040,LU
5041,BE
5042,LU
5043,LU
5044,BE
5045,BE
5046,BS
5047,BE
5048,BS
5049,BE
5050,LU
5051,BS
5052,BS
5053,ZH
5054,BS
5055,ZH
5056,ZH
5057,BE
5058,ZH
5059,ZH
5060,ZH
5061,BS
5062,ZH
5063,BS
5064,ZH
5065,BE
5066,ZH
5067,ZH
5068,BS
5069,ZH
5070,BS
5071,BE
5072,BE
5073,LU
5074,LU
5075,LU
5076,LU
5077,ZH
5078,BE
5079,BS
5080,LU
5081,LU
5082,BS
5083,ZH
5084,ZH
5085,BE
5086,LU
5087,ZH
5088,LU
5089,BS
5090,BS
5091,BS
5092,BS
5093,BE
5094,BS
5095,ZH
5096,BE
5097,LU
5098,ZH
5099,LU
5100,BS
5101,BS
5102,ZH
5103,ZH
5104,BE
5105,ZH
5106,BS
5107,LU
5108,BS
5109,LU
5110,BE
5111,LU
5112,ZH
5113,BE
5114,ZH
5115,LU
5116,LU
5117,BS
5118,ZH
5119,BE
5120,ZH
5121,LU
5122,ZH
5123,BE
5124,LU
5125,ZH
5126,BS
5127,LU
5128,BS
5129,LU
5130,ZH
5131,BS
5132,BS
5133,BE
5134,ZH
5135,ZH
5136,ZH
5137,ZH
5138,ZH
5139,ZH
5140,ZH
5141,ZH
5142,LU
5143,BE
5144,BS
5145,LU
5146,BE
5147,BE
5148,BE
5149,BS
5150,BE
5151,ZH
5152,BS
5153,BE
5154,ZH
5155,LU
5156,LU
5157,ZH
5158,BE
5159,ZH
5160,ZH
5161,LU
5162,LU
5163,BS
5164,ZH
5165,BS
5166,BS
5167,BE
5168,BS
5169,BS
5170,LU
5171,BE
5172,ZH
5173,BE
5174,LU
5175,LU
5176,BE
5177,BS
5178,ZH
5179,BE
5180,BE
5181,LU
5182,ZH
5183,ZH
5184,BE
5185,BS
5186,LU
5187,BS
5188,ZH
5189,BE
5190,BE
5191,LU
5192,BE
5193,ZH
5194,ZH
5195,BS
5196,LU
5197,ZH
5198,ZH
5199,LU
5200,LU
5201,BE
5202,LU
5203,BS
5204,LU
5205,BE
